-- Local development seed data.
--
-- Provides one user per life_stage, a mix of buy_skip and ab dilemmas across
-- categories, plus enough votes/comments to exercise the home feed (filter
-- chips, comment preview, vote counts) and the upcoming detail flow.

insert into auth.users (
  id,
  instance_id,
  aud,
  role,
  email,
  encrypted_password,
  email_confirmed_at,
  created_at,
  updated_at,
  raw_app_meta_data,
  raw_user_meta_data
)
values
  (
    '11111111-1111-4111-8111-111111111111',
    '00000000-0000-0000-0000-000000000000',
    'authenticated',
    'authenticated',
    'jiho@example.com',
    crypt('password', gen_salt('bf')),
    now(),
    now(),
    now(),
    '{"provider":"email","providers":["email"]}',
    '{"nickname":"Jiho"}'
  ),
  (
    '11111111-1111-4111-8111-111111111112',
    '00000000-0000-0000-0000-000000000000',
    'authenticated',
    'authenticated',
    'soomin@example.com',
    crypt('password', gen_salt('bf')),
    now(),
    now(),
    now(),
    '{"provider":"email","providers":["email"]}',
    '{"nickname":"Soomin"}'
  ),
  (
    '11111111-1111-4111-8111-111111111113',
    '00000000-0000-0000-0000-000000000000',
    'authenticated',
    'authenticated',
    'minji@example.com',
    crypt('password', gen_salt('bf')),
    now(),
    now(),
    now(),
    '{"provider":"email","providers":["email"]}',
    '{"nickname":"Minji"}'
  ),
  (
    '11111111-1111-4111-8111-111111111114',
    '00000000-0000-0000-0000-000000000000',
    'authenticated',
    'authenticated',
    'hyun@example.com',
    crypt('password', gen_salt('bf')),
    now(),
    now(),
    now(),
    '{"provider":"email","providers":["email"]}',
    '{"nickname":"Hyun"}'
  )
on conflict (id) do nothing;

insert into public.profiles (id, nickname, birth_year, gender, life_stage)
values
  ('11111111-1111-4111-8111-111111111111', '면접앞둔지호',  1996, 'unspecified', 'job_seeker'),
  ('11111111-1111-4111-8111-111111111112', '캠퍼스수민',     2002, 'unspecified', 'university'),
  ('11111111-1111-4111-8111-111111111113', '야자중민지',     2007, 'unspecified', 'high_school'),
  ('11111111-1111-4111-8111-111111111114', '직장인현',        1994, 'unspecified', 'worker')
on conflict (id) do update
set
  nickname = excluded.nickname,
  birth_year = excluded.birth_year,
  gender = excluded.gender,
  life_stage = excluded.life_stage;

insert into public.dilemmas (
  id,
  author_id,
  title,
  product_name,
  price,
  category,
  situation,
  vote_type,
  status,
  created_at
)
values
  (
    '22222222-2222-4222-8222-222222222201',
    '11111111-1111-4111-8111-111111111111',
    '브라운 코트 사고 싶은데 면접용으로만 쓰고 안 입을까 봐 고민돼요...',
    '브라운 코트',
    277000,
    '패션',
    '면접 시즌에만 입을 것 같은데 정가가 만만치 않아요.',
    'buy_skip',
    'open',
    now() - interval '4 minutes'
  ),
  (
    '22222222-2222-4222-8222-222222222202',
    '11111111-1111-4111-8111-111111111112',
    '신상 태블릿 사도 될까요? 강의 필기용인데 노트북도 있어요.',
    '갤럭시 탭 S10',
    890000,
    '전자기기',
    '강의실에서 노트북 펼치기가 부담스러워서 태블릿 추가 구매를 고민 중.',
    'buy_skip',
    'open',
    now() - interval '22 minutes'
  ),
  (
    '22222222-2222-4222-8222-222222222203',
    '11111111-1111-4111-8111-111111111113',
    '문제집 두 권 중에 어떤 게 나을까요?',
    '수능 모의고사',
    18900,
    '도서',
    '같은 과목 모의고사인데 출제 스타일이 달라서 한 권만 사야 해요.',
    'ab',
    'open',
    now() - interval '1 hour'
  ),
  (
    '22222222-2222-4222-8222-222222222204',
    '11111111-1111-4111-8111-111111111114',
    '러닝화 새로 살까요? 지금 신는 거 1년 됐어요.',
    '나이키 페가수스 41',
    169000,
    '운동',
    '쿠션 살아있긴 한데 출퇴근 워킹용으로도 자주 신어서 마모가 빠른 편.',
    'buy_skip',
    'open',
    now() - interval '3 hours'
  ),
  (
    '22222222-2222-4222-8222-222222222205',
    '11111111-1111-4111-8111-111111111111',
    '면접용 가방 A vs B 골라주세요',
    '백팩 vs 토트',
    138000,
    '패션',
    '둘 다 가격대는 비슷한데 면접관 시선에 어떤 쪽이 더 깔끔할지 고민이에요.',
    'ab',
    'open',
    now() - interval '5 hours'
  ),
  (
    '22222222-2222-4222-8222-222222222206',
    '11111111-1111-4111-8111-111111111112',
    '학과 동아리비로 단체 후드 맞추는데 가격 적정한가요?',
    '커스텀 후드티',
    42000,
    '패션',
    '15명 단체 주문, 자수 포함이면 보통 이 정도 가격대 맞나요?',
    'buy_skip',
    'open',
    now() - interval '8 hours'
  )
on conflict (id) do nothing;

insert into public.vote_options (id, dilemma_id, label, price, position)
values
  (
    '33333333-3333-4333-8333-333333333301',
    '22222222-2222-4222-8222-222222222203',
    '문제집 A (모의고사 5회분)',
    18900,
    1
  ),
  (
    '33333333-3333-4333-8333-333333333302',
    '22222222-2222-4222-8222-222222222203',
    '문제집 B (모의고사 8회분)',
    21900,
    2
  ),
  (
    '33333333-3333-4333-8333-333333333303',
    '22222222-2222-4222-8222-222222222205',
    '검정 백팩',
    138000,
    1
  ),
  (
    '33333333-3333-4333-8333-333333333304',
    '22222222-2222-4222-8222-222222222205',
    '검정 토트백',
    142000,
    2
  )
on conflict (id) do nothing;

insert into public.votes (id, dilemma_id, option_id, choice, voter_id)
values
  (
    '44444444-4444-4444-8444-444444444401',
    '22222222-2222-4222-8222-222222222201',
    null,
    'skip',
    '11111111-1111-4111-8111-111111111112'
  ),
  (
    '44444444-4444-4444-8444-444444444402',
    '22222222-2222-4222-8222-222222222201',
    null,
    'skip',
    '11111111-1111-4111-8111-111111111114'
  ),
  (
    '44444444-4444-4444-8444-444444444403',
    '22222222-2222-4222-8222-222222222202',
    null,
    'buy',
    '11111111-1111-4111-8111-111111111111'
  ),
  (
    '44444444-4444-4444-8444-444444444404',
    '22222222-2222-4222-8222-222222222202',
    null,
    'skip',
    '11111111-1111-4111-8111-111111111113'
  ),
  (
    '44444444-4444-4444-8444-444444444405',
    '22222222-2222-4222-8222-222222222202',
    null,
    'skip',
    '11111111-1111-4111-8111-111111111114'
  ),
  (
    '44444444-4444-4444-8444-444444444406',
    '22222222-2222-4222-8222-222222222203',
    '33333333-3333-4333-8333-333333333302',
    null,
    '11111111-1111-4111-8111-111111111111'
  ),
  (
    '44444444-4444-4444-8444-444444444407',
    '22222222-2222-4222-8222-222222222203',
    '33333333-3333-4333-8333-333333333302',
    null,
    '11111111-1111-4111-8111-111111111114'
  ),
  (
    '44444444-4444-4444-8444-444444444408',
    '22222222-2222-4222-8222-222222222205',
    '33333333-3333-4333-8333-333333333303',
    null,
    '11111111-1111-4111-8111-111111111112'
  ),
  (
    '44444444-4444-4444-8444-444444444409',
    '22222222-2222-4222-8222-222222222205',
    '33333333-3333-4333-8333-333333333304',
    null,
    '11111111-1111-4111-8111-111111111113'
  ),
  (
    '44444444-4444-4444-8444-44444444440a',
    '22222222-2222-4222-8222-222222222206',
    null,
    'buy',
    '11111111-1111-4111-8111-111111111114'
  )
on conflict (id) do nothing;

insert into public.comments (id, dilemma_id, vote_id, author_id, body, created_at)
values
  (
    '55555555-5555-4555-8555-555555555501',
    '22222222-2222-4222-8222-222222222201',
    '44444444-4444-4444-8444-444444444401',
    '11111111-1111-4111-8111-111111111112',
    '코트 사기에는 좀 아깝지 않을까요? 면접 끝나면 거의 안 입게 되더라구요.',
    now() - interval '3 minutes'
  ),
  (
    '55555555-5555-4555-8555-555555555502',
    '22222222-2222-4222-8222-222222222202',
    '44444444-4444-4444-8444-444444444404',
    '11111111-1111-4111-8111-111111111113',
    '노트북이 있으면 굳이 태블릿까지는 오버 같아요.',
    now() - interval '20 minutes'
  ),
  (
    '55555555-5555-4555-8555-555555555503',
    '22222222-2222-4222-8222-222222222205',
    '44444444-4444-4444-8444-444444444408',
    '11111111-1111-4111-8111-111111111112',
    '백팩이 두 손 자유롭고 면접관도 편하게 봅니다.',
    now() - interval '4 hours'
  )
on conflict (id) do nothing;
